{
  "LinearRegression": {
    "RMSE": 1.3172943449635421,
    "MAE": 1.0989387268546977,
    "R2": 0.23761805842303585
  },
  "RandomForest": {
    "RMSE": 0.34227979203437525,
    "MAE": 0.2233933455433455,
    "R2": 0.9485281871237785
  }
}